{"tri37-143": [[0.6435028952103092, 44, -Infinity, Infinity, 23, [255, 161, 7]], [2.498089758379484, Infinity, 77, 44, -Infinity, [255, 161, 7]]], "tri53-127": [[0.9272934315845873, 44, -Infinity, Infinity, 34, [0, 223, 255]], [2.214299222005206, Infinity, 73, 44, 40, [0, 223, 255]]], "square": [[1.5707963267948966, 63, 57, 44, 40, [0, 0, 255]]]}